sr	substation	lat_dms	lng_dms
1	Padghe (GIS)	19°24′31.91″N	73°12′40.40″E
2	Padghe (PG)	19°24′31.91″N	73°12′40.40″E
3	Pirana (PG)	22°55′39.36″N	72°33′24.61″E
4	Pirana (T)	22°58′00.84″N	72°35′51.00″E
5	Pirana PGCIL	22°55′42.81″N	72°33′24.77″E
6	South Olpad (GIS)	21°56′45.61″N	73°05′08.35″E
7	Lakadia	23°23′38.38″N	70°35′51.81″E
8	Halvad	22°54′39.88″N	71°13′50.13″E
9	Boisar-II (Sec-II)	19°47′40.26″N	72°47′06.02″E
10	Boisar-II - Pune-III	24°12′26.58″N	69°29′41.53″E
11	KHAVDA-I PS	24°06′01.00″N	69°20′13.26″E
12	KHAVDA-II PS	24°04′56.96″N	69°31′01.32″E
13	KHAVDA-III PS	24°04′01.79″N	69°28′27.63″E
14	BHUJ-I	23°27′09.26″N	69°35′32.07″E
15	Pune (GIS)	18°47′39.78″N	73°41′53.34″E
16	Banaskantha	24°08′15.53″N	71°59′56.04″E
17	Ramgarh	27°28′17.25″N	70°29′38.37″E
18	Bhadla-3	27°40′20.32″N	72°12′23.59″E
19	Fatehgarh-III	26°21′00.24″N	71°06′00.39″E
20	Sikar-II	27°41′43.21″N	75°05′17.68″E
21	Khetri 765 kV	28°01′58.53″N	75°42′33.48″E
22	Narela 765 kV	28°49′24.29″N	76°59′01.67″E
23	Jhatikara	28°31′56.02″N	76°56′10.47″E
24	Bikaner-III	28°22′22.54″N	73°10′14.72″E
25	Mandsaur	24°12′23.90″N	75°10′15.02″E
26	Indore	22°54′31.81″N	75°53′58.87″E
27	Jam Khambhaliya (GIS) PS	22°08′40.92″N	69°40′37.92″E
28	Bhuj PS	23°27′20.88″N	69°33′44.64″E
29	Bhuj-II PS	23°22′19.56″N	69°08′38.76″E
30	Bhachau	23°12′21.96″N	70°11′14.28″E
31	Khavda PS-I	24°06′01.00″N	69°20′13.26″E
32	Khavda PS-II	24°04′56.96″N	69°31′01.32″E
33	Khavda PS-III	24°04′01.79″N	69°28′27.63″E
34	Banaskantha (Radhanesda) PS [GIS]	24°20′34.80″N	71°29′14.28″E
35	Raghanesda	24°27′03.60″N	71°24′34.56″E
36	Rajgarh (PG)	22°40′55.92″N	74°55′27.84″E
37	Indore (PG)	22°54′31.81″N	75°53′58.87″E
38	Pachora PS	23°43′03.72″N	76°07′23.88″E
39	Neemuch PS	25°01′30.72″N	75°13′38.64″E
40	Khandwa S/s (PG)	21°49′56.64″N	76°24′14.40″E
41	Raipur S/s (PG)	21°14′00.00″N	81°29′00.00″E
42	Kallam PS	18°37′21.00″N	75°52′17.04″E
43	Parli (PG)	18°44′29.04″N	76°25′41.52″E
44	Solapur (PG)	17°36′31.32″N	76°03′00.00″E
45	Solapur PS	17°53′09.24″N	76°12′49.32″E
46	Dhule PS	20°58′46.56″N	74°09′02.88″E
47	Mandsaur PS	24°12′23.90″N	75°10′15.02″E
48	Ishanagar	24°51′45.72″N	79°22′06.24″E
49	Morena PS	25°54′47.88″N	77°29′56.40″E
50	Tuticorin-II	9°03′02.16″N	77°55′31.44″E
51	Pugalur	10°57′42.12″N	77°55′22.08″E
52	Palakkad	10°46′22.08″N	76°45′36.00″E
53	Pavagada	14°19′06.96″N	77°23′07.80″E
54	Hiriyur	13°57′12.24″N	76°32′11.40″E
55	Kurnool(new)	15°40′28.56″N	78°10′35.40″E
56	Koppal	15°21′55.44″N	75°59′24.72″E
57	Karur	10°50′34.08″N	77°39′32.76″E
58	Gadag	15°47′05.64″N	75°51′28.08″E
59	Koppal-II PS	15°34′03.72″N	76°07′02.64″E
60	Gadag-II PS	15°22′45.84″N	75°49′37.20″E
61	Kurnool-III PS	15°01′28.20″N	78°08′40.20″E
62	Ananthapuram PS	15°09′00.72″N	77°25′42.24″E
63	Bidar PS	18°18′48.24″N	77°17′53.16″E
64	Davanagere/Chitradurga PS	14°29′02.04″N	76°17′29.04″E
65	Bellary PS	15°00′20.16″N	76°01′50.88″E
66	Bijapur PS	16°45′22.32″N	76°10′27.12″E
67	Tumkur-II PS	14°07′36.48″N	77°19′39.00″E
68	Ananthapuram-II PS	14°53′02.40″N	76°58′58.44″E
69	Bhadla PS	27°25′09.84″N	72°04′19.92″E
70	Bikaner	28°14′57.12″N	73°22′54.84″E
71	Fatehgarh PS	26°51′08.64″N	71°30′34.20″E
72	Bhadla-II PS	27°30′38.16″N	72°28′40.44″E
73	Fatehgarh-III PS	26°21′00.24″N	71°06′00.39″E
74	Bikaner-II PS	28°09′20.16″N	73°00′23.40″E
75	Fatehgarh-IV PS	26°15′02.52″N	71°14′07.08″E
76	Bhadla-III PS	27°40′20.32″N	72°12′23.59″E
77	Ramgarh PS	27°28′17.25″N	70°29′38.37″E
78	Bikaner-III PS	28°22′22.54″N	73°10′14.72″E
79	Bikaner-IV PS	28°26′43.08″N	73°14′15.00″E
80	Sirohi	25°05′01.32″N	72°47′36.24″E
81	KPS-I	24°06′01.00″N	69°20′13.26″E
82	KPS-II	24°04′56.96″N	69°31′01.32″E
83	KPS-III	24°04′01.79″N	69°28′27.63″E
84	Raipur	21°14′00.00″N	81°29′00.00″E
85	Raipur 765 kV	21°14′00.00″N	81°29′00.00″E
86	KPS-III (HVDC)	24°04′01.79″N	69°34′22.21″E
87	KPS-II (HVDC)	24°04′56.96″N	69°36′55.94″E
88	South Olpad (HVDC)	21°56′45.61″N	73°10′57.40″E
89	Ramgarh (HVDC)	27°28′17.25″N	70°35′43.27″E
